ESPECE,year,count_sum,presence_rate,n_rows,count_sum_ci_low,count_sum_ci_high,presence_ci_low,presence_ci_high
Aigrette neigeuse,2015,20.0,0.8461538461538461,13,9.0,36.049999999999955,0.6153846153846154,1.0
Aigrette neigeuse,2016,45.0,1.0,23,35.0,57.0,1.0,1.0
Aigrette neigeuse,2017,42.0,1.0,17,26.950000000000003,62.02499999999998,1.0,1.0
Aigrette neigeuse,2018,38.0,0.92,25,29.0,48.02499999999998,0.8,1.0
Aigrette neigeuse,2019,47.0,0.9615384615384616,26,32.0,66.02499999999998,0.8846153846153846,1.0
Aigrette neigeuse,2020,29.0,1.0,18,22.0,38.0,1.0,1.0
Aigrette neigeuse,2021,27.0,0.9333333333333333,15,16.0,41.049999999999955,0.8,1.0
Aigrette neigeuse,2022,19.0,0.9333333333333333,15,14.0,24.0,0.8,1.0
Aigrette neigeuse,2023,24.0,1.0,17,20.0,29.0,1.0,1.0
Aigrette neigeuse,2024,34.0,0.875,24,26.0,44.0,0.7083333333333334,1.0
Aigrette neigeuse,2025,43.0,1.0,17,25.0,66.02499999999998,1.0,1.0
Colombe rouviolette,2015,43.0,0.9736842105263158,38,39.0,49.0,0.9210526315789473,1.0
Colombe rouviolette,2016,89.0,1.0,66,80.0,99.0,1.0,1.0
Colombe rouviolette,2017,72.14285714285714,1.0,64,67.14285714285714,79.1642857142857,1.0,1.0
Colombe rouviolette,2018,67.0,1.0,61,63.0,73.02499999999998,1.0,1.0
Colombe rouviolette,2019,70.0,1.0,61,65.0,77.0,1.0,1.0
Colombe rouviolette,2020,73.0,1.0,64,66.0,80.0,1.0,1.0
Colombe rouviolette,2021,85.0,1.0,76,80.0,91.0,1.0,1.0
Colombe rouviolette,2022,84.0,1.0,73,78.0,92.0,1.0,1.0
Colombe rouviolette,2023,86.0,1.0,77,80.975,93.02499999999998,1.0,1.0
Colombe rouviolette,2024,76.0,1.0,66,69.0,87.0,1.0,1.0
Colombe rouviolette,2025,72.0,1.0,64,65.0,82.0,1.0,1.0
Elénie siffleuse,2015,1321.0,0.9984917043740573,663,1260.95,1382.025,0.995475113122172,1.0
Elénie siffleuse,2016,1819.0,1.0,872,1719.0,1953.1749999999997,1.0,1.0
Elénie siffleuse,2017,1588.0,1.0,759,1506.975,1671.025,1.0,1.0
Elénie siffleuse,2018,1629.0,1.0,843,1570.0,1683.0,1.0,1.0
Elénie siffleuse,2019,1612.0,1.0,808,1545.0,1668.025,1.0,1.0
Elénie siffleuse,2020,2026.0,1.0,913,1957.975,2087.025,1.0,1.0
Elénie siffleuse,2021,2012.0,1.0,943,1946.0,2076.025,1.0,1.0
Elénie siffleuse,2022,2181.0,1.0,980,2101.975,2261.05,1.0,1.0
Elénie siffleuse,2023,1899.0,1.0,887,1826.925,1970.0,1.0,1.0
Elénie siffleuse,2024,2014.0,1.0,897,1938.0,2087.025,1.0,1.0
Elénie siffleuse,2025,1786.0,1.0,841,1714.0,1865.0749999999998,1.0,1.0
Quiscale merle,2015,2737.0,0.9924012158054711,658,2561.95,2912.025,0.986322188449848,0.9969984802431611
Quiscale merle,2016,3798.0,0.997709049255441,873,3594.95,4014.1,0.9942726231386025,1.0
Quiscale merle,2017,3329.0,1.0,723,3148.975,3512.025,1.0,1.0
Quiscale merle,2018,3513.0,0.9987515605493134,801,3319.825,3692.075,0.9950062421972534,1.0
Quiscale merle,2019,3483.666666666667,0.9987129987129987,777,3296.641666666667,3685.5666666666666,0.9961389961389961,1.0
Quiscale merle,2020,3358.0,0.9920106524633822,751,3171.975,3537.1499999999996,0.9853528628495339,0.9973368841544608
Quiscale merle,2021,3479.0,0.9948320413436692,774,3296.825,3676.075,0.9883720930232558,0.9987080103359173
Quiscale merle,2022,3512.0,0.9909208819714657,771,3322.725,3710.05,0.9831387808041504,0.9961413748378729
Quiscale merle,2023,3161.0,0.9960732984293194,764,2982.975,3351.1499999999996,0.9908376963350786,1.0
Quiscale merle,2024,3126.0,0.9974160206718347,774,2953.95,3301.05,0.9935400516795866,1.0
Quiscale merle,2025,2687.0,0.9931318681318682,728,2558.9,2831.2,0.9862637362637363,0.9986263736263736
Sporophile rougegorge,2015,1301.0,0.9968652037617555,638,1237.975,1355.0749999999998,0.9921630094043887,1.0
Sporophile rougegorge,2016,1660.0,1.0,812,1605.0,1724.025,1.0,1.0
Sporophile rougegorge,2017,1843.0,1.0,758,1757.95,1923.05,1.0,1.0
Sporophile rougegorge,2018,1749.0,1.0,820,1682.95,1819.025,1.0,1.0
Sporophile rougegorge,2019,1805.0,0.9987277353689568,786,1721.0,1879.0749999999998,0.9961832061068703,1.0
Sporophile rougegorge,2020,1750.0,1.0,810,1683.975,1813.025,1.0,1.0
Sporophile rougegorge,2021,2067.0,1.0,894,1986.95,2162.1,1.0,1.0
Sporophile rougegorge,2022,2077.0,1.0,899,2008.975,2146.05,1.0,1.0
Sporophile rougegorge,2023,1736.0,1.0,826,1674.975,1795.025,1.0,1.0
Sporophile rougegorge,2024,1654.0,1.0,806,1596.975,1722.025,1.0,1.0
Sporophile rougegorge,2025,1583.0,1.0,804,1524.975,1639.025,1.0,1.0
Sucrier à ventre jaune,2015,2228.0,0.9975124378109452,804,2140.975,2311.025,0.9937810945273632,1.0
Sucrier à ventre jaune,2016,2664.0,1.0,1018,2558.925,2751.075,1.0,1.0
Sucrier à ventre jaune,2017,2411.0,1.0,877,2307.925,2516.05,1.0,1.0
Sucrier à ventre jaune,2018,2401.0,1.0,950,2310.95,2480.025,1.0,1.0
Sucrier à ventre jaune,2019,2581.0,1.0,934,2485.9,2680.025,1.0,1.0
Sucrier à ventre jaune,2020,2546.0,1.0,941,2451.975,2643.025,1.0,1.0
Sucrier à ventre jaune,2021,3008.0,1.0,986,2901.95,3126.1,1.0,1.0
Sucrier à ventre jaune,2022,2789.0,0.9990157480314961,1016,2673.975,2896.025,0.9970472440944882,1.0
Sucrier à ventre jaune,2023,2625.0,1.0,961,2528.875,2717.025,1.0,1.0
Sucrier à ventre jaune,2024,2632.0,1.0,997,2534.975,2720.05,1.0,1.0
Sucrier à ventre jaune,2025,2557.0,1.0,960,2462.975,2655.0,1.0,1.0
Tourterelle à queue carrée,2015,1248.0,0.9950248756218906,603,1182.975,1315.05,0.9900082918739636,1.0
Tourterelle à queue carrée,2016,1815.0,1.0,852,1726.0,1894.05,1.0,1.0
Tourterelle à queue carrée,2017,1626.0,1.0,713,1512.0,1738.025,1.0,1.0
Tourterelle à queue carrée,2018,1474.0,0.9986357435197817,733,1385.975,1589.1,0.9959072305593452,1.0
Tourterelle à queue carrée,2019,1578.0,1.0,736,1489.975,1681.025,1.0,1.0
Tourterelle à queue carrée,2020,1829.0,0.9974489795918368,784,1734.0,1923.025,0.9936224489795918,1.0
Tourterelle à queue carrée,2021,1828.0,1.0,808,1732.975,1946.025,1.0,1.0
Tourterelle à queue carrée,2022,1999.0,1.0,805,1895.975,2123.05,1.0,1.0
Tourterelle à queue carrée,2023,1982.0,0.9975460122699387,815,1878.95,2081.125,0.9938650306748467,1.0
Tourterelle à queue carrée,2024,2130.0,1.0,860,2035.0,2237.0,1.0,1.0
Tourterelle à queue carrée,2025,1860.0,0.9987878787878788,825,1760.9,1993.2749999999996,0.9963636363636363,1.0
