ESPECE,rain_p_value,rain_significant,rain_effect_size,cloud_p_value,cloud_significant,cloud_effect_size,mean_count,total_visits
Tyran gris,0.07511075515227103,False,0.06914061884989858,2.677669284362842e-05,True,0.057608794219851586,1.8031114871216396,7092
Elénie siffleuse,1.1896759167261174e-06,True,0.2817421468194575,0.30469818383660763,False,-0.027306897948889165,2.1142887518605145,9406
Moqueur des savanes,0.9254208088518899,False,-0.006019984258490238,0.0680308464731876,False,-0.0033471619973274255,1.4591480446927374,2864
Quiscale merle,0.21503282337819637,False,-0.03081574578973231,4.003042529266727e-09,True,-0.00611325544779274,4.310658406798508,8394
Sporophile cici,0.8938665823114776,False,0.005238937882022072,0.4364298463071632,False,-0.024045858332567,2.2472892053730376,6179
Colibri huppé,0.03746200302634279,True,0.11051761926484382,0.4609850369678967,False,0.007642510969154471,1.2543246227456755,2717
Merle à lunettes,0.013885740377472507,True,0.1379574666478392,0.014669134060063628,True,-0.02914010761010807,1.5908844275637548,5529
Sucrier à ventre jaune,7.004161199175172e-07,True,0.16555199804932638,2.6138261886297928e-15,True,-0.06864103329386971,2.7232860972807353,10444
Colibri madère,0.07997305665289685,False,0.07483115080111184,0.6928498671346337,False,-0.011342099091381057,1.4629854368932038,1648
Viréo à moustaches,0.6998111896020242,False,0.17625892694363154,0.023110716504311492,True,-0.04241975152285815,1.5864371047083625,5692
Moqueur grivotte,0.4605173673341918,False,0.012438309781382901,0.31173206322230834,False,0.01114908861446273,1.2441831373530148,2284
Sporophile rougegorge,3.574473080756871e-05,True,0.1495890263070432,0.0014720863554637394,True,0.03935529475430178,2.1715802552806958,8853
Coulicou manioc,0.3041539058039547,False,0.0726013562189092,0.005507147645924993,True,-0.06594422798631387,1.0765765765765767,888
Tyran janeau,0.5900466238100781,False,0.07419337149679771,0.000921813946398222,True,-0.09802932314188212,1.2142142142142143,999
Sporophile curio,,,,0.611982541875836,False,-0.023013573350224255,1.2196969696969697,528
Colombe rouviolette,0.3300169979886378,False,-0.06109855056692605,0.438921832778133,False,-0.041799800531746444,1.1509054325955734,710
Trochilidae,0.04253219926295016,True,0.16156721151425354,0.11691509381297169,False,-0.07172866638640042,1.2271944922547333,913
Organiste louis-d'or,,,,0.7720164474899025,False,0.042845911946276516,1.2568807339449541,109
Paruline jaune,0.08317832460291386,False,0.0875022146837586,0.7027246264942084,False,-0.011760644368387098,1.2341561040693796,2998
Solitaire siffleur,0.9956094642631521,False,-0.03249885137149397,0.2708271856812853,False,0.056703376691544696,1.4028871391076116,762
Trembleur gris,0.3253340606679743,False,0.101601895975504,0.5060481275722728,False,-0.019492112042180192,1.224056603773585,424
Tourterelle à queue carrée,0.0003619217698774683,True,0.2597369044129664,0.9236534348946194,False,-0.022483747412620884,2.2696273728614953,8534
Petite Buse,0.42239066003055337,False,0.08048077871158138,0.044909791630026515,True,-0.05059021712132848,1.0280254777070064,785
Colibri falle-vert,0.8844069347024582,False,0.0069283061030655175,0.4394874189559306,False,-0.004281304972905253,1.1743827160493827,648
Héron garde-bœuf,0.6495291317852153,False,0.3323744813152706,0.5441614388165148,False,-0.06969779709848245,2.2898305084745765,1770
Vacher luisant,0.44555808764905647,False,0.07776208050313836,0.6631981408154172,False,0.015311033508713094,1.718110821866865,2689
Saltator gros-bec,0.00032339892881293907,True,-0.3080385621945567,0.32615607766511395,False,-0.028544764022571043,1.5269177977733719,6557
Hirondelle à ventre blanc,,,,6.274325692208491e-06,True,0.5590716440239227,3.053435114503817,262
Martin pêcheur d'Amérique,,,,,,,0.5,2
Limicole,,,,,,,2.5,8
Hirondelle rustique,,,,0.9815700045963643,False,0.12742658038683202,8.96875,32
Aigrette neigeuse,,,,0.011011349299984088,True,-0.39232336954282937,1.7523809523809524,210
Aigrette bleue,,,,,,,0.8888888888888888,9
Martinet sombre,,,,0.8602555374290635,False,0.032919847327415035,3.9696969696969697,33
Martinet chiquesol,0.6377817334064959,False,0.32396564076739753,0.6837616305415728,False,-0.01224131584177699,2.532258064516129,372
Bihoreau violacé,,,,0.14934517415488233,False,0.2090192915865176,1.0096153846153846,208
Estrildidae,,,,0.33253688330760534,False,-0.15122267206049655,3.532608695652174,92
Colombe à queue noire,0.027052683554756155,True,-0.11266383935702427,0.7960022016554154,False,0.028384574243769865,1.350453172205438,1655
Astrild ondulé,0.014166499751840827,True,-0.3006851334539531,0.058832113865302876,False,-0.23045899749877227,5.0225,800
Héron vert,0.07472559941155958,False,0.19146817412139058,0.6648657243992846,False,0.02137900251996032,1.2297872340425533,705
Frégate superbe,,,,0.0006033459560051269,True,-0.5818221877617916,1.505084745762712,295
Capucin à tête blanche,,,,0.2634178058979137,False,-0.032926733649819365,3.7974137931034484,232
Capucin à tête noire,,,,0.6561132264760368,False,-0.315121951213671,5.394736842105263,38
Pigeon biset domestique,0.48520986895810125,False,-0.1031207978475532,0.517509801394296,False,0.003058919288628965,10.90953545232274,409
Oriole de Martinique,,,,0.711023961632288,False,0.10244010211279424,1.2523364485981308,214
Astrild à joues orange,,,,0.6447409107198312,False,-0.07611940298302972,3.7222222222222223,54
Tourterelle turque,0.5779271542336899,False,0.07520088947042115,0.6020322530298281,False,-0.12002638002167934,3.050724637681159,1104
Moucherolle gobemouche,,,,0.14555589010331293,False,0.1150590170177205,1.1343283582089552,134
Moqueur gorge blanche,,,,0.31143790430505697,False,0.050032488625784716,1.565934065934066,182
Sterne bridée,,,,,,,7.090909090909091,11
Tournepierre à collier,,,,,,,10.2,10
Perruche à collier,,,,0.21112480299850658,False,-0.18108031500395522,3.6721311475409837,122
Faucon émerillon,,,,,,,0.6666666666666666,3
Gallinule d'Amérique,,,,0.07949024271656352,False,0.057760642694722045,1.473551637279597,397
Hirundinidae,,,,,,,1.6875,16
Chevalier grivelé,,,,0.9977537878558056,False,0.2564884764453988,1.2574257425742574,101
Bihoreau gris,,,,,,,1.1363636363636365,22
Pélican brun,,,,0.7331692039597544,False,-0.15266835140684765,1.1923076923076923,52
Sterne de Dougall,,,,0.8471983310173233,False,0.4470084239294898,14.333333333333334,63
Grande aigrette,,,,,,,0.7222222222222222,18
Mouette atricilla,,,,,,,3.0,14
Moqueur corossol,,,,0.1951652047419355,False,0.061286861281570675,1.1584158415841583,101
Apodidae,,,,,,,2.761904761904762,21
Canard musqué,,,,,,,1.6923076923076923,13
Tisserin gendarme,,,,0.35127302651826614,False,-0.1482142857115067,5.333333333333333,72
Euplecte franciscain,,,,0.4160695694886798,False,0.411100332587843,6.431372549019608,51
Colibri à tête bleue,,,,0.005649533235798696,True,0.3477124182712913,1.1842105263157894,38
Sterne royale,,,,,,,0.7272727272727273,11
Balbuzard pêcheur,,,,,,,0.9583333333333334,24
Amazone aourou,,,,0.2126118465206782,False,-0.08459051723873594,3.2,180
Gravelot semipalmé,,,,,,,6.125,16
Astrild cendré,,,,,,,1.0,3
Bécasseau minuscule,,,,,,,2.4166666666666665,12
Fauconidae,,,,,,,0.0,2
Sterne sp,,,,,,,5.333333333333333,3
Crécerelle d'Amérique,,,,0.6765388447702736,False,0.056796861669784864,1.1081081081081081,37
RAS,,,,,,,0.0,1
Columbidae,,,,,,,0.4,5
Mimidae ,,,,,,,1.5,4
Moqueur  sp.,,,,,,,1.0,1
Noddi brun,,,,,,,18.0,3
Lonchura sp.,,,,,,,6.75,4
Bécasseau semipalmé,,,,,,,19.166666666666668,6
Chevalier pattes jaunes,,,,,,,2.0,3
Chevalier solitaire,,,,,,,1.2222222222222223,9
trochilidae,,,,,,,1.4444444444444444,9
Sterne fuligineuse,,,,,,,44.2962962962963,27
Anatidae,,,,,,,1.0,1
Chevalier criard,,,,,,,1.0,3
Martinet,,,,,,,3.8,5
Huîtrier d'Amérique,,,,,,,1.0,3
Grande héron,,,,,,,1.0,2
Pigeon à cou rouge,,,,,,,1.3333333333333333,6
Tourterelle oreillarde,,,,,,,2.0,1
Egretta sp.,,,,,,,1.0,1
Colombe à croissant,,,,,,,1.0,2
Capucin sp,,,,,,,6.0,3
Gallinacées,,,,,,,4.5,2
Falconidé,,,,,,,1.0,1
Aigrette tricolore,,,,,,,1.0,1
Héron ?,,,,,,,1.0,1
Coq bankiva,,,,,,,1.0,1
